Date,Product,Region,Customer_Type,Quantity,Price,Discount,Revenue
2024-05-17,Rings,South,Occasional,7,8485.67,0.19,48113.75
2024-06-23,Necklaces,East,Regular,9,9030.4,0.03,78835.39
2024-12-16,Earrings,North,Regular,4,9208.9,0.06,34625.46
2024-08-08,Rings,West,Regular,5,6668.87,0.16,28009.25
2024-07-13,Necklaces,North,Occasional,8,6543.42,0.27,38213.57
2024-01-18,Necklaces,North,Occasional,7,9664.68,0.07,62917.07
2024-10-30,Necklaces,East,Occasional,2,4327.24,0.24,6577.4
2024-05-28,Rings,East,Occasional,5,613.03,0.19,2482.77
2024-02-29,Necklaces,South,Occasional,8,4045.84,0.18,26540.71
2024-09-18,Rings,South,Regular,2,3036.81,0.02,5952.15
2024-04-24,Bracelets,North,Occasional,4,9373.78,0.29,26621.54
2024-03-09,Earrings,East,Regular,3,4878.55,0.15,12440.3
2024-08-20,Bracelets,North,Occasional,10,4334.42,0.05,41176.99
2024-11-03,Earrings,West,Occasional,10,8619.28,0.2,68954.24
2024-07-16,Earrings,East,Occasional,7,8062.55,0.16,47407.79
2024-12-14,Necklaces,East,Occasional,6,1278.13,0.13,6671.84
2024-03-03,Rings,West,Regular,1,6758.93,0.14,5812.68
2024-11-29,Bracelets,South,Occasional,8,7490.12,0.09,54528.07
2024-08-19,Earrings,North,Occasional,5,7291.2,0.18,29893.92
2024-01-22,Rings,North,Occasional,5,1914.17,0.26,7082.43
2024-09-08,Rings,North,Occasional,8,3027.77,0.17,20104.39
2024-02-17,Earrings,East,Occasional,9,7393.51,0.19,53898.69
2024-12-16,Necklaces,North,Regular,3,3770.67,0.06,10633.29
2024-12-12,Rings,North,Occasional,7,7489.67,0.05,49806.31
2024-09-23,Necklaces,West,Occasional,3,397.28,0.2,953.47
2024-02-16,Necklaces,West,Occasional,5,8017.21,0.03,38883.47
2024-02-10,Bracelets,West,Regular,10,9155.7,0.19,74161.17
2024-11-06,Necklaces,South,Regular,5,7087.08,0.29,25159.13
2024-04-07,Necklaces,West,Occasional,2,383.28,0.13,666.91
2024-02-14,Rings,East,Occasional,4,6697.7,0.02,26254.98
2024-10-27,Rings,East,Occasional,4,6703.83,0.28,19307.03
2024-08-30,Necklaces,North,Occasional,7,2329.55,0.22,12719.34
2024-11-15,Necklaces,West,Regular,4,6940.23,0.06,26095.26
2024-07-15,Earrings,East,Regular,7,4414.43,0.15,26265.86
2024-09-27,Necklaces,West,Regular,5,427.36,0.19,1730.81
2024-09-07,Bracelets,North,Occasional,6,3585.61,0.08,19792.57
2024-05-04,Earrings,West,Occasional,9,368.08,0.06,3113.96
2024-04-16,Necklaces,South,Regular,8,8690.23,0.28,50055.72
2024-08-08,Necklaces,East,Regular,5,9804.99,0.14,42161.46
2024-01-21,Rings,East,Occasional,7,4923.26,0.09,31361.17
2024-06-07,Earrings,North,Occasional,5,4103.83,0.07,19082.81
2024-03-31,Necklaces,West,Regular,1,580.31,0.14,499.07
2024-06-17,Bracelets,South,Regular,3,9962.94,0.19,24209.94
2024-05-18,Rings,South,Regular,5,9655.86,0.16,40554.61
2024-06-18,Rings,East,Occasional,2,3885.25,0.13,6760.34
2024-02-17,Earrings,East,Regular,5,1493.18,0.23,5748.74
2024-09-10,Bracelets,North,Regular,9,2915.49,0.12,23090.68
2024-03-03,Bracelets,East,Regular,8,2886.83,0.04,22170.85
2024-09-11,Rings,West,Occasional,9,8860.9,0.15,67785.88
2024-06-20,Necklaces,South,Regular,10,5241.0,0.14,45072.6
2024-11-02,Bracelets,South,Regular,8,3976.04,0.06,29899.82
2024-11-11,Earrings,South,Occasional,5,5816.07,0.16,24427.49
2024-10-12,Necklaces,East,Regular,10,3117.62,0.12,27435.06
2024-08-31,Earrings,North,Occasional,1,6261.04,0.02,6135.82
2024-10-01,Earrings,East,Regular,8,9869.17,0.07,73426.62
2024-07-13,Rings,West,Occasional,3,7764.23,0.26,17236.59
2024-11-01,Bracelets,West,Regular,5,6157.8,0.13,26786.43
2024-04-20,Necklaces,North,Regular,9,9304.04,0.22,65314.36
2024-06-07,Earrings,East,Occasional,7,8704.13,0.16,51180.28
2024-10-02,Bracelets,East,Occasional,1,104.75,0.25,78.56
2024-04-22,Necklaces,North,Occasional,1,5138.73,0.25,3854.05
2024-10-19,Necklaces,West,Regular,6,5894.47,0.13,30769.13
2024-12-22,Rings,East,Occasional,3,3600.67,0.09,9829.83
2024-10-19,Rings,West,Regular,10,1309.27,0.22,10212.31
2024-11-21,Rings,East,Regular,1,1837.25,0.26,1359.56
2024-12-15,Bracelets,East,Regular,5,350.76,0.27,1280.27
2024-11-23,Bracelets,South,Occasional,10,9751.31,0.15,82886.13
2024-08-27,Bracelets,South,Regular,2,703.24,0.26,1040.8
2024-05-26,Rings,North,Occasional,9,4734.86,0.22,33238.72
2024-01-31,Bracelets,East,Regular,9,3622.47,0.1,29342.01
2024-10-11,Necklaces,North,Regular,10,5779.34,0.13,50280.26
2024-06-18,Necklaces,West,Regular,4,4230.92,0.18,13877.42
2024-07-09,Rings,West,Regular,4,2249.13,0.17,7467.11
2024-12-05,Rings,West,Regular,5,7276.62,0.07,33836.28
2024-08-22,Rings,West,Occasional,3,5480.11,0.16,13809.88
2024-06-02,Earrings,North,Occasional,8,1994.79,0.22,12447.49
2024-03-03,Bracelets,East,Regular,2,1532.81,0.23,2360.53
2024-11-28,Rings,South,Regular,9,9566.8,0.07,80074.12
2024-11-23,Bracelets,South,Regular,7,8150.85,0.13,49638.68
2024-07-11,Bracelets,North,Occasional,6,7462.65,0.3,31343.13
2024-06-27,Rings,South,Regular,2,3928.74,0.28,5657.39
2024-04-17,Necklaces,North,Regular,5,4686.05,0.28,16869.78
2024-01-11,Necklaces,North,Regular,5,8048.79,0.15,34207.36
2024-10-02,Necklaces,East,Regular,2,2661.32,0.24,4045.21
2024-03-18,Rings,South,Occasional,5,2623.81,0.24,9970.48
2024-12-12,Earrings,West,Regular,9,8623.88,0.06,72958.02
2024-08-16,Bracelets,West,Regular,1,9825.7,0.23,7565.79
2024-05-31,Necklaces,South,Regular,2,4712.47,0.3,6597.46
2024-07-12,Necklaces,North,Occasional,9,8481.0,0.17,63353.07
2024-11-22,Rings,East,Regular,3,7940.45,0.28,17151.37
2024-02-26,Necklaces,South,Regular,4,9471.18,0.16,31823.16
2024-12-26,Necklaces,East,Occasional,6,7619.39,0.24,34744.42
2024-12-04,Earrings,North,Regular,5,6003.65,0.04,28817.52
2024-05-18,Earrings,West,Regular,6,4581.31,0.06,25838.59
2024-10-22,Rings,South,Regular,10,4264.1,0.1,38376.9
2024-12-25,Bracelets,West,Occasional,6,4602.08,0.12,24298.98
2024-04-08,Rings,North,Occasional,9,5126.46,0.22,35987.75
2024-04-30,Bracelets,West,Occasional,1,2193.76,0.11,1952.45
2024-03-16,Necklaces,West,Regular,7,2394.51,0.27,12235.95
2024-08-08,Rings,East,Occasional,4,4176.9,0.05,15872.22
2024-03-29,Earrings,North,Occasional,5,6487.48,0.26,24003.68
2024-10-04,Bracelets,North,Regular,1,7330.42,0.06,6890.59
2024-05-06,Necklaces,South,Occasional,1,1714.8,0.09,1560.47
2024-12-07,Rings,West,Regular,6,3219.31,0.02,18929.54
2024-02-02,Bracelets,West,Occasional,2,5032.55,0.26,7448.17
2024-12-12,Necklaces,South,Regular,4,4738.23,0.28,13646.1
2024-04-26,Rings,West,Occasional,7,2309.67,0.28,11640.74
2024-01-27,Bracelets,South,Regular,6,1820.92,0.19,8849.67
2024-03-05,Necklaces,North,Occasional,10,6880.84,0.16,57799.06
2024-07-23,Rings,West,Occasional,6,1729.26,0.27,7574.16
2024-08-03,Bracelets,South,Regular,9,9880.16,0.23,68469.51
2024-03-21,Bracelets,North,Occasional,4,8487.76,0.06,31913.98
2024-11-17,Earrings,North,Regular,10,3123.03,0.0,31230.3
2024-11-14,Bracelets,South,Regular,10,7396.13,0.12,65085.94
2024-12-12,Necklaces,West,Occasional,9,240.6,0.02,2122.09
2024-07-28,Rings,East,Regular,3,6538.73,0.13,17066.09
2024-08-20,Earrings,North,Occasional,3,1928.69,0.13,5033.88
2024-10-10,Necklaces,North,Regular,1,7022.04,0.18,5758.07
2024-05-26,Necklaces,North,Occasional,10,5309.74,0.2,42477.92
2024-02-24,Necklaces,South,Regular,6,8714.25,0.04,50194.08
2024-11-13,Rings,West,Regular,7,2915.42,0.08,18775.3
2024-03-11,Bracelets,North,Occasional,1,2985.87,0.04,2866.44
2024-06-28,Rings,West,Regular,8,8996.91,0.05,68376.52
2024-07-14,Earrings,East,Regular,8,7466.78,0.1,53760.82
2024-07-22,Necklaces,North,Occasional,9,213.39,0.24,1459.59
2024-05-10,Necklaces,West,Regular,7,8483.84,0.15,50478.85
2024-10-27,Bracelets,North,Regular,5,7696.83,0.23,29632.8
2024-10-03,Bracelets,North,Regular,5,8207.67,0.17,34061.83
2024-02-23,Bracelets,West,Occasional,6,2908.88,0.01,17278.75
2024-09-05,Rings,West,Regular,2,7226.47,0.28,10406.12
2024-09-14,Earrings,North,Regular,8,132.72,0.09,966.2
2024-10-14,Necklaces,West,Regular,7,4563.39,0.21,25235.55
2024-02-24,Bracelets,East,Regular,10,7033.04,0.13,61187.45
2024-08-03,Necklaces,East,Regular,2,4414.84,0.23,6798.85
2024-12-28,Earrings,West,Regular,5,4435.21,0.03,21510.77
2024-07-25,Bracelets,North,Occasional,8,9095.46,0.29,51662.21
2024-01-31,Rings,East,Regular,8,7488.84,0.29,42536.61
2024-06-03,Necklaces,West,Regular,3,8409.99,0.11,22454.67
2024-03-15,Necklaces,North,Occasional,3,2118.14,0.12,5591.89
2024-06-03,Rings,West,Regular,1,8380.88,0.11,7458.98
2024-04-08,Earrings,South,Regular,5,4060.39,0.16,17053.64
2024-07-27,Earrings,North,Regular,2,2660.19,0.1,4788.34
2024-09-01,Necklaces,North,Regular,9,1515.88,0.26,10095.76
2024-03-25,Necklaces,South,Regular,6,5930.45,0.2,28466.16
2024-12-31,Necklaces,East,Occasional,7,2640.78,0.24,14048.95
2024-06-04,Earrings,East,Occasional,1,2351.0,0.1,2115.9
2024-10-21,Necklaces,North,Occasional,5,8907.89,0.28,32068.4
2024-03-06,Rings,North,Regular,7,6040.09,0.12,37206.95
2024-02-03,Rings,North,Occasional,9,313.19,0.25,2114.03
2024-04-04,Rings,South,Regular,9,8739.83,0.14,67646.28
2024-10-12,Earrings,West,Occasional,9,9425.98,0.24,64473.7
2024-01-16,Bracelets,East,Occasional,3,8788.32,0.04,25310.36
2024-01-06,Bracelets,West,Occasional,10,990.11,0.12,8712.97
2024-10-06,Earrings,North,Occasional,4,6212.14,0.27,18139.45
2024-12-18,Earrings,East,Regular,2,9659.01,0.16,16227.14
2024-01-17,Bracelets,North,Regular,8,4658.39,0.19,30186.37
2024-07-08,Rings,North,Occasional,5,5206.24,0.02,25510.58
2024-10-19,Bracelets,North,Regular,2,4520.55,0.12,7956.17
2024-10-04,Rings,East,Occasional,3,7560.98,0.21,17919.52
2024-04-24,Bracelets,South,Occasional,1,7546.68,0.18,6188.28
2024-04-13,Bracelets,West,Occasional,8,3528.8,0.26,20890.5
2024-11-16,Earrings,North,Occasional,10,1798.78,0.03,17448.17
2024-11-04,Necklaces,North,Regular,1,6185.76,0.3,4330.03
2024-06-18,Earrings,East,Regular,6,8097.47,0.24,36924.46
2024-12-04,Bracelets,East,Regular,2,3240.95,0.29,4602.15
2024-03-07,Necklaces,East,Regular,10,2784.17,0.09,25335.95
2024-03-31,Bracelets,South,Occasional,6,2785.12,0.12,14705.43
2024-11-11,Bracelets,North,Regular,9,6555.9,0.24,44842.36
2024-05-12,Necklaces,North,Occasional,7,5231.12,0.21,28928.09
2024-03-23,Necklaces,East,Occasional,2,1987.18,0.05,3775.64
2024-01-01,Rings,South,Regular,7,7824.89,0.0,54774.23
2024-05-06,Rings,West,Occasional,8,1474.71,0.24,8966.24
2024-06-06,Rings,North,Occasional,7,7469.24,0.07,48624.75
2024-02-18,Bracelets,North,Regular,8,5788.46,0.09,42139.99
2024-01-02,Necklaces,South,Occasional,10,6137.58,0.18,50328.16
2024-11-29,Necklaces,South,Regular,10,2716.69,0.03,26351.89
2024-01-18,Earrings,South,Regular,1,5444.35,0.05,5172.13
2024-02-27,Rings,West,Occasional,8,9357.81,0.19,60638.61
2024-03-28,Rings,East,Occasional,9,6913.4,0.07,57865.16
2024-05-30,Bracelets,South,Regular,5,3207.0,0.08,14752.2
2024-01-03,Necklaces,East,Occasional,5,1242.06,0.02,6086.09
2024-11-24,Earrings,North,Regular,4,166.47,0.18,546.02
2024-08-14,Rings,North,Occasional,3,8856.95,0.17,22053.81
2024-07-22,Bracelets,West,Regular,1,5771.78,0.25,4328.84
2024-10-05,Bracelets,South,Regular,5,812.22,0.27,2964.6
2024-12-06,Earrings,East,Occasional,1,9354.76,0.14,8045.09
2024-08-17,Necklaces,West,Occasional,9,861.57,0.06,7288.88
2024-10-25,Rings,East,Occasional,7,9334.53,0.19,52926.79
2024-11-10,Earrings,North,Occasional,1,3063.56,0.17,2542.75
2024-04-22,Earrings,South,Regular,1,2899.89,0.27,2116.92
2024-12-16,Bracelets,West,Occasional,1,4917.49,0.17,4081.52
2024-04-03,Necklaces,South,Regular,2,4423.76,0.25,6635.64
2024-03-27,Earrings,East,Occasional,7,8534.47,0.08,54961.99
2024-07-26,Rings,North,Regular,2,2655.27,0.13,4620.17
2024-03-01,Earrings,West,Regular,7,541.66,0.06,3564.12
2024-10-24,Rings,North,Occasional,10,7980.55,0.01,79007.44
2024-03-29,Bracelets,East,Regular,5,3119.1,0.11,13880.0
2024-04-18,Bracelets,East,Regular,3,8375.48,0.24,19096.09
2024-01-22,Rings,South,Occasional,8,3091.89,0.25,18551.34
2024-02-17,Bracelets,West,Occasional,1,6400.12,0.05,6080.11
2024-12-20,Rings,North,Occasional,3,5272.89,0.19,12813.12
2024-03-03,Rings,North,Regular,1,4694.69,0.11,4178.27
2024-07-04,Rings,North,Occasional,3,8499.9,0.11,22694.73
2024-07-21,Rings,South,Occasional,9,9355.14,0.28,60621.31
2024-05-29,Earrings,West,Occasional,3,8758.38,0.06,24698.63
2024-08-26,Bracelets,East,Occasional,8,1817.33,0.17,12067.07
2024-03-17,Rings,East,Regular,5,3500.2,0.25,13125.75
2024-03-06,Rings,West,Occasional,2,1614.85,0.13,2809.84
2024-10-24,Bracelets,North,Regular,7,5652.85,0.03,38382.85
2024-05-01,Earrings,East,Regular,8,8514.54,0.04,65391.67
2024-04-29,Earrings,East,Occasional,9,1439.07,0.08,11915.5
2024-03-23,Bracelets,South,Occasional,4,3641.65,0.25,10924.95
2024-07-04,Earrings,East,Regular,2,2448.88,0.17,4065.14
2024-07-21,Rings,East,Regular,1,2991.45,0.07,2782.05
2024-10-12,Rings,South,Regular,5,7458.01,0.01,36917.15
2024-09-25,Earrings,West,Regular,3,2544.73,0.0,7634.19
2024-07-13,Necklaces,North,Regular,8,5719.97,0.24,34777.42
2024-02-22,Bracelets,East,Occasional,7,2888.54,0.09,18400.0
2024-02-26,Bracelets,West,Regular,4,6383.78,0.16,21449.5
2024-06-15,Necklaces,North,Regular,1,4133.45,0.1,3720.1
2024-03-03,Bracelets,North,Occasional,6,9338.5,0.11,49867.59
2024-07-01,Rings,South,Regular,2,7897.92,0.12,13900.34
2024-04-01,Bracelets,West,Occasional,1,3757.12,0.04,3606.84
2024-03-11,Earrings,West,Occasional,7,7837.93,0.27,40051.82
2024-09-08,Bracelets,North,Occasional,1,9181.06,0.13,7987.52
2024-07-21,Earrings,South,Regular,10,446.6,0.17,3706.78
2024-12-29,Rings,North,Occasional,8,9524.59,0.2,60957.38
2024-11-03,Necklaces,North,Regular,7,6174.72,0.08,39765.2
2024-01-06,Earrings,North,Regular,2,2436.15,0.05,4628.69
2024-05-23,Bracelets,West,Occasional,10,5145.84,0.27,37564.63
2024-07-06,Necklaces,North,Occasional,10,8245.83,0.13,71738.72
2024-07-19,Earrings,North,Regular,6,8902.36,0.28,38458.2
2024-03-22,Necklaces,East,Occasional,9,8463.59,0.24,57890.96
2024-02-29,Earrings,West,Regular,4,1176.02,0.27,3433.98
2024-07-28,Rings,East,Occasional,3,6227.45,0.14,16066.82
2024-04-18,Bracelets,West,Regular,9,9385.15,0.14,72641.06
2024-11-05,Rings,South,Regular,2,1026.59,0.2,1642.54
2024-04-17,Bracelets,West,Occasional,8,3861.34,0.22,24094.76
2024-01-29,Bracelets,North,Regular,8,8428.72,0.09,61361.08
2024-01-14,Earrings,East,Occasional,2,3951.72,0.19,6401.79
2024-10-28,Earrings,East,Regular,10,8702.14,0.16,73097.98
2024-05-09,Bracelets,West,Regular,2,9497.93,0.13,16526.4
2024-06-06,Necklaces,South,Occasional,9,8353.51,0.22,58641.64
2024-06-12,Earrings,East,Regular,1,3438.57,0.09,3129.1
2024-09-30,Necklaces,West,Regular,8,7783.2,0.06,58529.66
2024-12-23,Bracelets,North,Regular,8,4576.9,0.3,25630.64
2024-01-08,Earrings,South,Regular,10,4272.27,0.26,31614.8
2024-03-16,Earrings,East,Occasional,1,9168.51,0.16,7701.55
2024-09-09,Rings,South,Regular,1,3188.69,0.22,2487.18
2024-03-17,Earrings,South,Regular,3,5432.49,0.02,15971.52
2024-09-15,Rings,North,Occasional,4,4097.24,0.17,13602.84
2024-11-17,Necklaces,North,Occasional,7,3728.8,0.22,20359.25
2024-03-30,Earrings,South,Regular,2,624.31,0.2,998.9
2024-10-25,Rings,East,Occasional,7,6663.56,0.08,42913.33
2024-06-02,Rings,East,Occasional,10,1089.35,0.22,8496.93
2024-10-06,Rings,West,Occasional,6,9299.45,0.18,45753.29
2024-12-26,Bracelets,West,Regular,6,244.33,0.0,1465.98
2024-04-29,Earrings,South,Regular,8,5193.93,0.02,40720.41
2024-04-15,Necklaces,North,Occasional,8,2661.75,0.26,15757.56
2024-11-08,Rings,West,Regular,5,4989.34,0.3,17462.69
2024-02-21,Rings,North,Occasional,5,2320.99,0.04,11140.75
2024-01-28,Rings,North,Regular,9,9186.09,0.08,76060.83
2024-01-03,Bracelets,North,Regular,6,8438.65,0.04,48606.62
2024-03-18,Rings,West,Regular,7,5926.35,0.07,38580.54
2024-03-11,Rings,West,Occasional,7,9380.83,0.13,57129.25
2024-12-10,Rings,South,Regular,8,5907.65,0.1,42535.08
2024-03-07,Bracelets,East,Occasional,5,343.26,0.12,1510.34
2024-07-21,Rings,East,Regular,9,5703.86,0.21,40554.44
2024-11-15,Bracelets,West,Regular,10,6721.87,0.04,64529.95
2024-04-28,Bracelets,South,Regular,4,833.79,0.25,2501.37
2024-02-24,Necklaces,West,Regular,5,1481.78,0.12,6519.83
2024-11-10,Necklaces,North,Regular,5,3143.93,0.12,13833.29
2024-07-16,Earrings,West,Regular,5,6189.77,0.24,23521.13
2024-12-11,Bracelets,West,Regular,6,7238.19,0.21,34309.02
2024-04-15,Rings,East,Occasional,7,7848.94,0.07,51096.6
2024-07-25,Earrings,East,Regular,8,9262.01,0.3,51867.26
2024-10-13,Earrings,West,Occasional,1,6700.89,0.22,5226.69
2024-08-22,Necklaces,East,Occasional,5,1918.86,0.16,8059.21
2024-02-17,Necklaces,West,Regular,5,3475.54,0.19,14075.94
2024-06-03,Necklaces,West,Occasional,8,7816.62,0.14,53778.35
2024-02-29,Bracelets,South,Occasional,1,1300.67,0.09,1183.61
2024-07-01,Rings,West,Regular,9,8971.95,0.08,74287.75
2024-10-28,Earrings,East,Regular,4,3555.38,0.24,10808.36
2024-05-11,Rings,East,Regular,4,1013.3,0.1,3647.88
2024-02-18,Bracelets,North,Occasional,2,8893.11,0.09,16185.46
2024-05-03,Earrings,West,Regular,10,9817.19,0.0,98171.9
2024-02-10,Necklaces,West,Occasional,1,2780.4,0.2,2224.32
2024-04-09,Rings,West,Occasional,4,237.45,0.0,949.8
2024-04-27,Earrings,South,Regular,5,2685.8,0.05,12757.55
2024-09-11,Necklaces,North,Occasional,9,3772.86,0.23,26145.92
2024-07-30,Rings,South,Occasional,2,2968.37,0.21,4690.02
2024-12-03,Necklaces,East,Regular,4,1645.29,0.25,4935.87
2024-05-17,Necklaces,North,Occasional,3,3823.32,0.07,10667.06
2024-12-28,Necklaces,East,Occasional,2,2710.09,0.13,4715.56
2024-10-03,Necklaces,South,Regular,3,4386.15,0.19,10658.34
2024-05-27,Earrings,North,Occasional,8,9494.88,0.08,69882.32
2024-02-20,Earrings,West,Occasional,6,8008.68,0.05,45649.48
2024-02-15,Bracelets,North,Regular,4,320.69,0.06,1205.79
2024-08-01,Bracelets,North,Regular,10,9458.87,0.18,77562.73
2024-12-08,Bracelets,North,Regular,5,6162.61,0.1,27731.74
2024-05-25,Bracelets,West,Regular,1,7140.02,0.06,6711.62
2024-07-02,Rings,West,Regular,3,5373.37,0.12,14185.7
2024-09-18,Earrings,North,Regular,2,1037.28,0.12,1825.61
2024-03-07,Bracelets,North,Occasional,5,3833.89,0.15,16294.03
2024-11-06,Bracelets,East,Regular,7,4512.14,0.22,24636.28
2024-03-03,Necklaces,East,Occasional,3,8131.63,0.2,19515.91
2024-12-12,Rings,East,Occasional,1,479.23,0.0,479.23
2024-09-16,Bracelets,South,Occasional,6,3139.86,0.25,14129.37
2024-04-19,Bracelets,East,Regular,1,3848.92,0.11,3425.54
2024-05-02,Bracelets,South,Occasional,5,4105.6,0.16,17243.52
2024-12-15,Necklaces,East,Regular,7,7972.96,0.27,40741.83
2024-08-16,Rings,South,Occasional,4,1981.23,0.27,5785.19
2024-05-29,Necklaces,West,Occasional,1,5639.35,0.1,5075.42
2024-07-19,Rings,North,Occasional,9,2723.44,0.22,19118.55
2024-05-15,Rings,West,Occasional,1,9096.92,0.29,6458.81
2024-05-22,Rings,West,Occasional,4,6910.7,0.19,22390.67
2024-01-18,Rings,West,Regular,3,1424.01,0.28,3075.86
2024-12-15,Bracelets,South,Occasional,4,2285.07,0.21,7220.82
2024-01-07,Rings,West,Occasional,7,4307.78,0.12,26535.92
2024-02-01,Earrings,South,Regular,7,6578.13,0.08,42363.16
2024-06-09,Necklaces,West,Regular,4,7621.82,0.09,27743.42
2024-11-02,Bracelets,North,Regular,9,2209.02,0.19,16103.76
2024-11-30,Rings,North,Occasional,7,9909.58,0.29,49250.61
2024-12-02,Earrings,South,Regular,9,7014.9,0.29,44825.21
2024-01-14,Necklaces,East,Occasional,6,6537.28,0.07,36478.02
2024-03-16,Bracelets,East,Regular,5,3980.5,0.03,19305.42
2024-05-29,Bracelets,South,Regular,6,2303.18,0.1,12437.17
2024-09-05,Earrings,West,Occasional,1,8021.08,0.04,7700.24
2024-10-06,Bracelets,North,Occasional,2,4914.36,0.01,9730.43
2024-12-30,Necklaces,South,Occasional,4,6618.82,0.12,23298.25
2024-05-29,Earrings,West,Regular,6,7386.12,0.26,32794.37
2024-02-10,Rings,West,Regular,10,8627.46,0.04,82823.62
2024-10-14,Earrings,South,Occasional,5,4284.06,0.0,21420.3
2024-06-03,Earrings,North,Occasional,2,1474.77,0.17,2448.12
2024-03-07,Earrings,North,Regular,2,2370.41,0.3,3318.57
2024-01-03,Rings,West,Occasional,4,4465.03,0.01,17681.52
2024-02-22,Earrings,South,Occasional,9,1416.39,0.01,12620.03
2024-12-22,Necklaces,North,Occasional,4,7807.8,0.09,28420.39
2024-09-25,Earrings,East,Occasional,10,5045.53,0.15,42887.0
2024-09-18,Necklaces,West,Occasional,4,885.28,0.1,3187.01
2024-12-02,Necklaces,North,Occasional,5,7021.19,0.14,30191.12
2024-12-27,Rings,East,Occasional,1,8306.09,0.18,6810.99
2024-10-11,Bracelets,South,Regular,5,2133.34,0.02,10453.37
2024-05-17,Earrings,East,Regular,10,5188.79,0.02,50850.14
2024-07-29,Necklaces,East,Regular,8,5005.54,0.28,28831.91
2024-01-06,Necklaces,East,Regular,9,2565.17,0.21,18238.36
2024-09-20,Bracelets,South,Regular,6,3797.01,0.18,18681.29
2024-05-13,Necklaces,South,Occasional,7,2832.06,0.07,18436.71
2024-01-20,Bracelets,East,Regular,2,7787.52,0.01,15419.29
2024-11-16,Necklaces,West,Occasional,10,5753.76,0.1,51783.84
2024-02-11,Bracelets,West,Occasional,7,2740.89,0.07,17843.19
2024-10-24,Earrings,North,Occasional,3,329.22,0.03,958.03
2024-10-30,Rings,West,Occasional,2,6582.6,0.06,12375.29
2024-02-19,Earrings,East,Occasional,5,6088.56,0.26,22527.67
2024-01-09,Necklaces,West,Occasional,8,4631.55,0.16,31124.02
2024-01-21,Bracelets,North,Regular,4,5275.08,0.13,18357.28
2024-06-29,Bracelets,West,Regular,2,1766.06,0.01,3496.8
2024-09-14,Necklaces,North,Occasional,6,9357.04,0.12,49405.17
2024-08-29,Necklaces,South,Occasional,6,1303.99,0.19,6337.39
2024-10-12,Necklaces,East,Regular,10,1258.66,0.14,10824.48
2024-04-07,Earrings,South,Regular,10,3084.06,0.01,30532.19
2024-09-20,Necklaces,South,Regular,7,1653.77,0.12,10187.22
2024-09-08,Bracelets,East,Occasional,8,4136.51,0.2,26473.66
2024-06-28,Rings,East,Occasional,3,814.66,0.29,1735.23
2024-01-24,Rings,East,Occasional,3,1847.63,0.17,4600.6
2024-04-14,Necklaces,North,Regular,5,142.46,0.09,648.19
2024-11-21,Necklaces,South,Regular,5,2116.92,0.14,9102.76
2024-10-08,Necklaces,West,Occasional,8,3614.2,0.21,22841.74
2024-01-17,Necklaces,South,Occasional,2,2605.83,0.18,4273.56
2024-02-11,Necklaces,South,Regular,9,9012.49,0.07,75434.54
2024-06-04,Bracelets,East,Occasional,8,3932.43,0.19,25482.15
2024-09-12,Earrings,East,Regular,10,9588.29,0.24,72871.0
2024-10-20,Rings,South,Occasional,9,2901.25,0.14,22455.68
2024-10-18,Necklaces,South,Occasional,5,5999.35,0.13,26097.17
2024-08-24,Bracelets,North,Regular,10,2392.75,0.29,16988.52
2024-06-09,Necklaces,East,Regular,10,2674.21,0.05,25405.0
2024-03-04,Earrings,West,Regular,1,1964.52,0.16,1650.2
2024-04-16,Earrings,West,Occasional,1,7586.2,0.1,6827.58
2024-10-19,Earrings,North,Regular,5,8051.51,0.06,37842.1
2024-03-28,Bracelets,East,Regular,6,9264.17,0.1,50026.52
2024-12-24,Bracelets,South,Occasional,3,1105.67,0.11,2952.14
2024-04-15,Bracelets,North,Regular,6,7262.86,0.25,32682.87
2024-05-08,Rings,North,Regular,8,4722.26,0.08,34755.83
2024-09-16,Bracelets,North,Regular,9,5793.5,0.15,44320.28
2024-01-14,Necklaces,West,Occasional,10,258.33,0.28,1859.98
2024-05-09,Rings,South,Regular,1,7661.41,0.23,5899.29
2024-11-02,Rings,North,Regular,2,7080.63,0.16,11895.46
2024-08-16,Earrings,East,Occasional,7,6794.8,0.02,46612.33
2024-02-18,Bracelets,East,Occasional,5,5472.88,0.28,19702.37
2024-06-04,Necklaces,North,Regular,1,5555.02,0.24,4221.82
2024-01-11,Necklaces,South,Regular,10,1406.34,0.09,12797.69
2024-01-22,Necklaces,South,Occasional,2,1690.93,0.26,2502.58
2024-10-14,Necklaces,North,Regular,5,1559.66,0.04,7486.37
2024-11-11,Rings,East,Regular,8,8306.49,0.28,47845.38
2024-01-02,Earrings,West,Regular,9,128.96,0.0,1160.64
2024-08-14,Earrings,West,Regular,3,7322.97,0.25,16476.68
2024-06-27,Necklaces,East,Regular,4,1224.28,0.19,3966.67
2024-05-21,Bracelets,West,Occasional,5,3038.07,0.17,12607.99
2024-09-03,Bracelets,South,Regular,7,2711.75,0.04,18222.96
2024-09-05,Bracelets,South,Regular,9,4525.42,0.16,34212.18
2024-04-12,Earrings,South,Occasional,10,6220.36,0.03,60337.49
2024-04-24,Necklaces,West,Regular,10,9996.86,0.29,70977.71
2024-03-12,Rings,West,Occasional,7,2229.51,0.05,14826.24
2024-11-13,Rings,East,Regular,2,4418.06,0.06,8305.95
2024-07-16,Bracelets,North,Occasional,7,8060.53,0.28,40625.07
2024-09-15,Earrings,South,Occasional,5,7766.13,0.02,38054.04
2024-06-06,Rings,West,Regular,8,943.7,0.28,5435.71
2024-01-19,Bracelets,East,Regular,5,2844.13,0.02,13936.24
2024-05-12,Rings,South,Occasional,7,1932.3,0.06,12714.53
2024-10-07,Necklaces,West,Occasional,6,6907.52,0.12,36471.71
2024-12-10,Rings,East,Regular,6,7511.91,0.28,32451.45
2024-10-23,Earrings,North,Occasional,5,6298.98,0.19,25510.87
2024-09-08,Rings,South,Occasional,2,1098.27,0.12,1932.96
2024-08-18,Earrings,North,Regular,1,674.15,0.21,532.58
2024-02-13,Rings,North,Regular,6,6007.07,0.03,34961.15
2024-11-11,Bracelets,North,Occasional,1,2141.35,0.18,1755.91
2024-03-28,Earrings,North,Occasional,4,3787.74,0.14,13029.83
2024-07-19,Earrings,North,Occasional,4,617.5,0.07,2297.1
2024-09-23,Rings,East,Regular,7,7208.9,0.24,38351.35
2024-04-24,Earrings,East,Occasional,3,3329.57,0.06,9389.39
2024-06-23,Earrings,East,Regular,2,3789.0,0.12,6668.64
2024-11-23,Earrings,West,Regular,5,7787.45,0.09,35432.9
2024-08-31,Necklaces,West,Occasional,6,6619.97,0.25,29789.86
2024-06-03,Earrings,East,Occasional,5,379.79,0.1,1709.06
2024-04-25,Earrings,West,Regular,5,7313.8,0.28,26329.68
2024-02-06,Earrings,South,Occasional,10,93.3,0.04,895.68
2024-07-21,Necklaces,South,Regular,10,6930.74,0.16,58218.22
2024-03-02,Rings,East,Regular,9,1558.81,0.25,10521.97
2024-11-05,Bracelets,South,Regular,1,6233.53,0.09,5672.51
2024-03-17,Necklaces,South,Regular,4,5188.15,0.27,15149.4
2024-09-23,Necklaces,West,Regular,4,3034.19,0.16,10194.88
2024-07-28,Bracelets,South,Regular,10,9515.26,0.03,92298.02
2024-11-07,Rings,West,Occasional,3,8966.58,0.28,19367.81
2024-06-11,Bracelets,West,Occasional,6,4147.51,0.12,21898.85
2024-12-15,Earrings,North,Regular,10,6387.19,0.17,53013.68
2024-02-10,Rings,West,Occasional,7,7252.95,0.26,37570.28
2024-04-19,Necklaces,South,Regular,10,2260.6,0.09,20571.46
2024-02-24,Earrings,South,Occasional,8,8770.39,0.12,61743.55
2024-02-29,Earrings,West,Occasional,4,4649.87,0.26,13763.62
2024-05-05,Necklaces,North,Regular,1,4940.16,0.14,4248.54
2024-11-24,Earrings,South,Regular,9,3293.74,0.08,27272.17
2024-08-06,Bracelets,West,Regular,3,6038.12,0.07,16846.35
2024-06-17,Bracelets,South,Occasional,8,4637.67,0.16,31165.14
2024-07-23,Rings,North,Regular,5,84.48,0.02,413.95
2024-12-11,Necklaces,West,Occasional,7,318.02,0.22,1736.39
2024-08-11,Necklaces,North,Regular,2,9011.86,0.23,13878.26
2024-08-26,Necklaces,East,Regular,1,3497.06,0.05,3322.21
2024-10-11,Necklaces,North,Occasional,1,4085.82,0.11,3636.38
2024-11-14,Necklaces,North,Occasional,9,4930.04,0.0,44370.36
2024-12-13,Rings,West,Occasional,8,2485.56,0.02,19486.79
2024-02-09,Necklaces,North,Regular,10,8521.63,0.26,63060.06
2024-03-29,Earrings,North,Occasional,2,6417.71,0.28,9241.5
2024-06-03,Earrings,East,Regular,4,7737.58,0.17,25688.77
2024-05-04,Bracelets,North,Occasional,4,7786.76,0.2,24917.63
2024-04-10,Necklaces,West,Regular,8,1673.99,0.2,10713.54
2024-08-29,Rings,South,Occasional,8,8207.7,0.3,45963.12
2024-09-18,Rings,West,Regular,6,2662.88,0.05,15178.42
2024-06-15,Bracelets,East,Occasional,3,3005.26,0.06,8474.83
2024-02-25,Earrings,East,Occasional,4,4418.61,0.16,14846.53
2024-04-10,Earrings,South,Occasional,7,6366.67,0.29,31642.35
2024-10-15,Necklaces,North,Regular,3,6408.21,0.07,17878.91
2024-03-26,Rings,West,Occasional,6,5973.87,0.22,27957.71
2024-10-05,Earrings,South,Occasional,7,7698.44,0.02,52811.3
2024-08-11,Bracelets,East,Occasional,3,2604.38,0.17,6484.91
2024-01-19,Necklaces,West,Regular,5,603.97,0.06,2838.66
2024-04-18,Rings,South,Occasional,4,8349.73,0.14,28723.07
2024-02-20,Necklaces,East,Occasional,8,4442.44,0.13,30919.38
2024-04-06,Necklaces,North,Occasional,9,933.75,0.26,6218.78
2024-09-06,Necklaces,West,Regular,5,5173.1,0.24,19657.78
2024-07-27,Bracelets,East,Occasional,8,5209.23,0.08,38339.93
2024-04-22,Bracelets,East,Occasional,6,8533.0,0.21,40446.42
2024-05-29,Rings,West,Regular,5,873.5,0.29,3100.92
2024-01-23,Necklaces,South,Regular,7,7783.46,0.19,44132.22
2024-10-23,Bracelets,West,Regular,2,690.55,0.13,1201.56
2024-04-12,Bracelets,West,Regular,9,4654.6,0.24,31837.46
2024-12-24,Earrings,East,Regular,9,5579.2,0.26,37157.47
2024-05-20,Rings,South,Regular,2,3741.03,0.21,5910.83
2024-09-23,Bracelets,North,Occasional,7,4311.93,0.16,25354.15
2024-03-26,Necklaces,East,Regular,3,4644.81,0.28,10032.79
2024-04-11,Bracelets,East,Regular,6,6992.0,0.1,37756.8
2024-12-18,Earrings,South,Occasional,8,4033.85,0.05,30657.26
2024-03-24,Bracelets,East,Regular,8,9465.3,0.11,67392.94
2024-10-26,Necklaces,West,Regular,9,4584.72,0.05,39199.36
2024-02-03,Necklaces,South,Occasional,10,365.07,0.09,3322.14
2024-03-25,Rings,South,Regular,4,7523.92,0.05,28590.9
2024-04-21,Rings,North,Regular,4,3655.61,0.04,14037.54
2024-09-18,Earrings,East,Occasional,3,7994.01,0.11,21344.01
2024-07-02,Rings,South,Occasional,3,3653.95,0.13,9536.81
2024-02-09,Earrings,West,Occasional,9,226.92,0.3,1429.6
2024-12-04,Rings,North,Regular,9,172.18,0.1,1394.66
2024-01-12,Necklaces,West,Occasional,6,3769.52,0.19,18319.87
2024-08-14,Earrings,East,Occasional,10,7960.87,0.2,63686.96
2024-02-15,Necklaces,South,Regular,9,3666.5,0.05,31348.57
2024-05-19,Rings,South,Regular,6,6706.69,0.19,32594.51
2024-11-17,Rings,West,Regular,1,5611.51,0.24,4264.75
2024-04-20,Bracelets,West,Regular,10,743.93,0.2,5951.44
2024-04-05,Rings,North,Regular,9,2933.04,0.29,18742.13
2024-03-04,Bracelets,North,Occasional,4,4800.29,0.24,14592.88
2024-08-31,Rings,South,Occasional,6,3016.75,0.0,18100.5
2024-10-18,Necklaces,East,Regular,7,4656.25,0.21,25749.06
2024-11-18,Bracelets,West,Regular,2,9170.0,0.11,16322.6
2024-11-08,Earrings,East,Regular,7,5837.09,0.19,33096.3
2024-06-17,Necklaces,West,Occasional,5,5191.3,0.05,24658.68
2024-03-11,Earrings,East,Regular,9,7776.77,0.02,68591.11
2024-03-03,Necklaces,South,Occasional,5,8088.4,0.18,33162.44
2024-12-26,Necklaces,South,Occasional,8,2238.82,0.13,15582.19
2024-01-27,Rings,South,Regular,4,8782.95,0.27,25646.21
2024-02-08,Necklaces,North,Regular,5,3606.91,0.26,13345.57
2024-09-22,Rings,South,Regular,1,519.33,0.03,503.75
2024-12-21,Bracelets,East,Occasional,4,8925.9,0.27,26063.63
2024-03-28,Earrings,West,Occasional,7,8114.44,0.29,40328.77
2024-04-17,Bracelets,North,Regular,5,833.14,0.11,3707.47
2024-12-08,Earrings,East,Occasional,8,1149.4,0.2,7356.16
2024-02-16,Earrings,East,Regular,6,6931.0,0.14,35763.96
2024-12-08,Earrings,North,Regular,1,6611.97,0.15,5620.17
2024-11-26,Rings,North,Occasional,9,5981.99,0.25,40378.43
2024-11-03,Necklaces,East,Regular,2,612.92,0.23,943.9
2024-09-06,Necklaces,West,Occasional,2,5214.72,0.3,7300.61
2024-04-23,Earrings,South,Occasional,8,2834.85,0.15,19276.98
2024-12-12,Rings,West,Regular,2,8839.75,0.19,14320.4
2024-07-08,Rings,South,Regular,8,560.78,0.21,3544.13
2024-08-31,Necklaces,West,Regular,5,7966.39,0.16,33458.84
2024-04-17,Earrings,South,Regular,10,3206.57,0.23,24690.59
2024-10-26,Necklaces,South,Occasional,5,5851.1,0.28,21063.96
2024-11-18,Necklaces,East,Occasional,5,8678.73,0.22,33847.05
2024-11-06,Rings,North,Occasional,3,6171.38,0.22,14441.03
2024-05-13,Rings,North,Occasional,8,7788.82,0.16,52340.87
2024-07-20,Bracelets,North,Regular,3,1073.74,0.07,2995.73
2024-08-18,Earrings,South,Occasional,8,9594.58,0.18,62940.44
2024-11-05,Bracelets,South,Occasional,4,3550.87,0.13,12357.03
2024-08-27,Rings,North,Occasional,1,4770.53,0.16,4007.25
2024-06-01,Rings,South,Occasional,3,4676.05,0.1,12625.34
2024-03-29,Rings,South,Regular,10,8979.48,0.28,64652.26
2024-10-21,Necklaces,West,Regular,8,7770.85,0.24,47246.77
2024-07-29,Bracelets,West,Regular,3,4458.91,0.29,9497.48
2024-03-12,Rings,North,Regular,1,8734.55,0.17,7249.68
2024-01-18,Rings,North,Occasional,10,1080.02,0.26,7992.15
2024-04-05,Necklaces,West,Occasional,8,2664.36,0.2,17051.9
2024-10-20,Rings,West,Regular,6,2072.47,0.15,10569.6
2024-10-31,Necklaces,North,Regular,1,6232.06,0.04,5982.78
2024-02-09,Necklaces,East,Occasional,6,9769.17,0.27,42788.96
2024-03-04,Earrings,West,Regular,7,6931.23,0.11,43181.56
2024-05-23,Earrings,North,Regular,10,2996.68,0.23,23074.44
2024-02-25,Necklaces,South,Regular,6,1419.69,0.09,7751.51
2024-12-25,Necklaces,East,Occasional,5,387.41,0.11,1723.97
2024-04-03,Rings,North,Regular,4,2677.03,0.06,10065.63
2024-10-13,Bracelets,East,Occasional,10,8109.35,0.21,64063.87
2024-10-31,Earrings,East,Regular,1,9062.64,0.22,7068.86
2024-11-05,Rings,West,Occasional,1,4017.38,0.02,3937.03
2024-07-17,Rings,West,Regular,10,9397.25,0.08,86454.7
2024-07-25,Necklaces,South,Occasional,9,514.55,0.03,4492.02
2024-09-13,Necklaces,North,Occasional,10,5710.68,0.04,54822.53
2024-09-24,Bracelets,East,Regular,3,1789.48,0.12,4724.23
2024-04-01,Bracelets,South,Occasional,7,508.04,0.06,3342.9
2024-09-03,Bracelets,West,Regular,10,8386.73,0.19,67932.51
2024-04-11,Earrings,South,Regular,1,4074.5,0.15,3463.32
2024-06-03,Earrings,South,Occasional,9,6698.95,0.12,53055.68
2024-02-27,Bracelets,West,Occasional,5,9345.38,0.25,35045.17
2024-09-21,Bracelets,North,Regular,5,990.78,0.05,4706.2
2024-06-24,Rings,North,Regular,8,6485.16,0.23,39948.59
2024-07-19,Earrings,South,Occasional,5,1661.26,0.07,7724.86
2024-06-26,Necklaces,East,Occasional,4,8536.65,0.02,33463.67
2024-12-07,Rings,North,Occasional,9,1400.43,0.17,10461.21
2024-08-11,Necklaces,East,Occasional,2,6011.88,0.12,10580.91
2024-10-21,Bracelets,North,Regular,1,589.61,0.14,507.06
2024-04-13,Earrings,North,Regular,8,6813.6,0.15,46332.48
2024-02-15,Necklaces,East,Regular,6,7828.98,0.04,45094.92
2024-06-24,Rings,West,Occasional,10,5502.3,0.2,44018.4
2024-07-16,Earrings,South,Occasional,9,8241.54,0.11,66014.74
2024-02-10,Rings,East,Occasional,9,3206.11,0.04,27700.79
2024-08-12,Bracelets,West,Occasional,5,3426.46,0.22,13363.19
2024-06-04,Rings,North,Occasional,4,2746.89,0.17,9119.67
2024-11-02,Necklaces,North,Regular,1,1330.97,0.17,1104.71
2024-04-02,Necklaces,South,Regular,6,2451.38,0.22,11472.46
2024-02-24,Bracelets,East,Occasional,7,6474.91,0.18,37165.98
2024-09-25,Bracelets,North,Regular,2,2352.75,0.12,4140.84
2024-07-10,Bracelets,West,Regular,7,5036.08,0.23,27144.47
2024-01-22,Necklaces,East,Regular,6,9252.7,0.18,45523.28
2024-10-16,Bracelets,South,Regular,2,1228.35,0.04,2358.43
2024-05-16,Necklaces,East,Occasional,7,9334.74,0.19,52927.98
2024-04-30,Rings,South,Occasional,6,3423.98,0.22,16024.23
2024-10-04,Necklaces,West,Regular,2,1530.16,0.26,2264.64
2024-03-27,Bracelets,South,Occasional,5,906.23,0.25,3398.36
2024-04-03,Necklaces,West,Regular,9,3962.19,0.07,33163.53
2024-11-28,Necklaces,North,Regular,8,1801.68,0.22,11242.48
2024-08-23,Rings,South,Regular,10,7753.31,0.01,76757.77
2024-11-22,Earrings,West,Regular,4,1018.86,0.26,3015.83
2024-09-08,Necklaces,West,Regular,8,7837.52,0.24,47652.12
2024-02-25,Bracelets,East,Regular,8,5005.86,0.19,32437.97
2024-05-11,Earrings,North,Regular,8,5033.02,0.05,38250.95
2024-07-30,Rings,South,Regular,3,302.55,0.1,816.89
2024-06-27,Rings,East,Occasional,1,194.23,0.15,165.1
2024-10-19,Earrings,South,Regular,10,9937.38,0.14,85461.47
2024-09-04,Earrings,East,Regular,7,624.08,0.03,4237.5
2024-12-22,Rings,West,Regular,6,5533.81,0.04,31874.75
2024-08-20,Earrings,North,Occasional,7,4216.91,0.3,20662.86
2024-03-11,Earrings,South,Occasional,7,2966.83,0.17,17237.28
2024-03-12,Necklaces,South,Regular,8,8175.25,0.05,62131.9
2024-01-25,Necklaces,South,Regular,8,4154.88,0.07,30912.31
2024-08-05,Bracelets,South,Occasional,1,9568.78,0.02,9377.4
2024-10-24,Rings,North,Regular,2,8523.28,0.05,16194.23
2024-09-03,Earrings,North,Occasional,9,5963.98,0.17,44550.93
2024-12-18,Earrings,West,Regular,7,4887.63,0.16,28739.26
2024-11-24,Earrings,South,Regular,9,8906.14,0.05,76147.5
2024-09-16,Rings,West,Regular,3,6471.84,0.09,17668.12
2024-03-29,Earrings,South,Regular,8,8166.58,0.05,62066.01
2024-07-14,Rings,North,Occasional,9,3794.73,0.21,26980.53
2024-07-20,Necklaces,East,Regular,5,5606.21,0.05,26629.5
2024-08-10,Necklaces,East,Regular,1,9673.51,0.04,9286.57
2024-08-30,Rings,South,Regular,6,1920.77,0.16,9680.68
2024-09-22,Bracelets,North,Occasional,1,4413.68,0.19,3575.08
2024-01-07,Bracelets,South,Occasional,7,1736.65,0.23,9360.54
2024-05-30,Necklaces,North,Occasional,10,3009.53,0.03,29192.44
2024-01-11,Bracelets,South,Occasional,6,1955.3,0.12,10323.98
2024-09-10,Bracelets,South,Occasional,4,3493.09,0.19,11317.61
2024-09-08,Earrings,East,Regular,3,7757.95,0.06,21877.42
2024-06-19,Rings,North,Occasional,10,7526.98,0.03,73011.71
2024-03-15,Earrings,North,Occasional,4,2762.38,0.01,10939.02
2024-07-18,Earrings,East,Regular,4,7637.79,0.16,25662.97
2024-09-21,Necklaces,West,Regular,8,8779.38,0.0,70235.04
2024-06-10,Necklaces,East,Regular,7,3573.64,0.03,24265.02
2024-12-13,Necklaces,West,Regular,6,342.08,0.01,2031.96
2024-09-21,Bracelets,West,Regular,7,4524.74,0.19,25655.28
2024-01-12,Necklaces,North,Occasional,8,5950.47,0.13,41415.27
2024-07-02,Rings,East,Occasional,10,2835.98,0.16,23822.23
2024-07-24,Bracelets,West,Regular,9,5838.25,0.14,45188.06
2024-10-14,Bracelets,North,Occasional,4,8797.8,0.03,34135.46
2024-01-25,Rings,North,Regular,7,9693.36,0.16,56996.96
2024-10-25,Rings,East,Regular,6,6356.37,0.18,31273.34
2024-02-01,Rings,North,Occasional,3,7941.76,0.15,20251.49
2024-05-16,Necklaces,South,Occasional,4,472.05,0.29,1340.62
2024-08-15,Rings,South,Regular,9,8655.55,0.03,75562.95
2024-09-13,Earrings,East,Regular,3,683.53,0.02,2009.58
2024-01-11,Earrings,North,Regular,3,7204.0,0.05,20531.4
2024-04-06,Rings,North,Occasional,2,4609.95,0.1,8297.91
2024-03-27,Necklaces,South,Occasional,3,9620.4,0.14,24820.63
2024-04-25,Bracelets,South,Regular,9,824.85,0.09,6755.52
2024-05-19,Rings,South,Regular,3,5340.48,0.3,11215.01
2024-12-23,Necklaces,North,Regular,5,9278.61,0.25,34794.79
2024-02-17,Earrings,North,Occasional,3,4366.66,0.07,12182.98
2024-06-15,Bracelets,North,Regular,6,4137.61,0.22,19364.01
2024-04-08,Earrings,North,Regular,7,7586.1,0.26,39296.0
2024-11-15,Bracelets,South,Occasional,6,5951.06,0.12,31421.6
2024-07-19,Necklaces,East,Occasional,2,9706.98,0.18,15919.45
2024-11-14,Rings,North,Occasional,8,4365.59,0.21,27590.53
2024-10-23,Necklaces,South,Occasional,2,9029.27,0.28,13002.15
2024-04-01,Rings,West,Occasional,10,6178.78,0.29,43869.34
2024-07-03,Rings,North,Regular,4,8331.59,0.06,31326.78
2024-10-08,Rings,South,Occasional,10,2442.02,0.24,18559.35
2024-11-26,Necklaces,West,Regular,10,8060.0,0.21,63674.0
2024-06-30,Rings,South,Occasional,7,728.59,0.25,3825.1
2024-03-11,Necklaces,South,Regular,9,2549.93,0.27,16753.04
2024-07-20,Necklaces,North,Occasional,4,1994.27,0.07,7418.68
2024-04-07,Earrings,West,Regular,7,9919.39,0.13,60409.09
2024-05-21,Rings,South,Regular,4,7379.88,0.23,22730.03
2024-03-12,Bracelets,West,Occasional,7,3718.41,0.06,24467.14
2024-09-05,Earrings,South,Occasional,9,823.04,0.29,5259.23
2024-04-19,Rings,East,Occasional,2,2219.92,0.18,3640.67
2024-10-29,Rings,South,Occasional,7,6840.4,0.3,33517.96
2024-11-18,Bracelets,North,Occasional,10,2048.65,0.2,16389.2
2024-12-14,Earrings,South,Regular,3,893.55,0.12,2358.97
2024-03-23,Rings,North,Regular,3,526.78,0.24,1201.06
2024-02-12,Earrings,West,Occasional,10,2142.98,0.03,20786.91
2024-05-09,Rings,South,Regular,5,9631.63,0.26,35637.03
2024-09-13,Necklaces,West,Occasional,5,5198.88,0.05,24694.68
2024-06-18,Earrings,South,Occasional,9,7885.41,0.16,59613.7
2024-02-23,Earrings,East,Regular,2,8000.21,0.01,15840.42
2024-12-03,Earrings,East,Occasional,10,4271.83,0.28,30757.18
2024-07-22,Earrings,East,Occasional,2,5281.13,0.06,9928.52
2024-05-15,Earrings,South,Occasional,4,8306.4,0.16,27909.5
2024-03-22,Necklaces,East,Regular,1,3638.26,0.03,3529.11
2024-05-30,Necklaces,East,Regular,9,5550.91,0.01,49458.61
2024-11-30,Necklaces,West,Occasional,7,6837.39,0.28,34460.45
2024-04-10,Rings,West,Occasional,4,5772.03,0.04,22164.6
2024-04-10,Necklaces,East,Occasional,8,7956.74,0.27,46467.36
2024-04-24,Earrings,North,Regular,9,5310.34,0.06,44925.48
2024-07-10,Earrings,South,Regular,7,8424.67,0.19,47767.88
2024-04-24,Rings,West,Occasional,6,3106.85,0.2,14912.88
2024-11-30,Bracelets,North,Regular,2,4513.91,0.09,8215.32
2024-08-30,Earrings,West,Occasional,9,765.37,0.24,5235.13
2024-05-13,Bracelets,South,Occasional,4,9648.07,0.25,28944.21
2024-12-31,Bracelets,East,Occasional,2,3454.31,0.12,6079.59
2024-04-21,Necklaces,West,Occasional,4,6817.15,0.19,22087.57
2024-07-06,Earrings,South,Occasional,5,7839.06,0.25,29396.48
2024-04-11,Earrings,South,Occasional,6,5877.79,0.17,29271.39
2024-05-21,Rings,West,Occasional,10,3667.96,0.0,36679.6
2024-09-02,Earrings,South,Regular,5,6171.96,0.12,27156.62
2024-06-14,Earrings,West,Occasional,7,1450.86,0.21,8023.26
2024-02-18,Bracelets,West,Regular,6,4302.88,0.29,18330.27
2024-10-09,Rings,East,Occasional,10,7475.35,0.25,56065.12
2024-08-13,Rings,South,Regular,2,4313.21,0.09,7850.04
2024-01-16,Necklaces,East,Occasional,4,1817.19,0.15,6178.45
2024-07-11,Bracelets,North,Regular,7,8615.35,0.09,54879.78
2024-06-05,Earrings,West,Regular,3,5084.59,0.01,15101.23
2024-09-06,Rings,West,Occasional,3,1961.47,0.02,5766.72
2024-07-01,Necklaces,West,Occasional,5,9103.13,0.22,35502.21
2024-07-16,Necklaces,East,Occasional,6,5906.14,0.23,27286.37
2024-10-11,Necklaces,West,Regular,1,1418.49,0.06,1333.38
2024-02-09,Bracelets,West,Regular,7,9793.97,0.22,53475.08
2024-01-20,Necklaces,East,Regular,5,1181.08,0.07,5492.02
2024-09-07,Rings,East,Occasional,9,9086.39,0.02,80141.96
2024-11-16,Bracelets,West,Occasional,10,3823.64,0.25,28677.3
2024-09-10,Necklaces,North,Regular,2,6878.87,0.13,11969.23
2024-05-02,Rings,East,Occasional,4,4880.05,0.27,14249.75
2024-09-30,Necklaces,South,Occasional,2,466.94,0.24,709.75
2024-07-25,Necklaces,West,Occasional,1,6370.0,0.26,4713.8
2024-06-28,Bracelets,South,Regular,4,9992.35,0.01,39569.71
2024-06-13,Necklaces,East,Regular,8,3309.72,0.22,20652.65
2024-07-19,Necklaces,North,Regular,9,8774.54,0.27,57648.73
2024-06-08,Bracelets,North,Occasional,1,5290.4,0.23,4073.61
2024-05-13,Rings,South,Occasional,7,5434.92,0.2,30435.55
2024-10-18,Bracelets,East,Occasional,4,9368.36,0.2,29978.75
2024-03-20,Necklaces,South,Occasional,6,6100.26,0.29,25987.11
2024-11-07,Necklaces,West,Occasional,8,2630.82,0.27,15363.99
2024-09-10,Earrings,South,Occasional,4,230.34,0.25,691.02
2024-01-20,Rings,South,Occasional,2,1016.35,0.29,1443.22
2024-06-17,Rings,East,Occasional,5,9283.32,0.24,35276.62
2024-09-28,Necklaces,East,Regular,10,4562.34,0.19,36954.95
2024-11-11,Earrings,South,Occasional,1,7524.41,0.19,6094.77
2024-03-17,Rings,South,Occasional,9,966.28,0.2,6957.22
2024-08-25,Bracelets,North,Regular,8,5529.46,0.05,42023.9
2024-06-06,Earrings,South,Occasional,6,3410.79,0.05,19441.5
2024-05-24,Bracelets,West,Occasional,8,2395.62,0.18,15715.27
2024-09-25,Necklaces,West,Occasional,4,916.66,0.06,3446.64
2024-08-12,Bracelets,North,Occasional,8,2403.56,0.08,17690.2
2024-04-24,Earrings,West,Occasional,8,9953.57,0.17,66091.7
2024-09-05,Earrings,East,Occasional,10,2910.08,0.18,23862.66
2024-07-10,Rings,East,Occasional,9,5178.66,0.22,36354.19
2024-01-17,Necklaces,South,Occasional,9,6123.84,0.21,43540.5
2024-11-28,Necklaces,North,Regular,10,3737.7,0.21,29527.83
2024-07-21,Rings,East,Regular,5,9991.42,0.19,40465.25
2024-03-27,Bracelets,East,Regular,5,2603.69,0.21,10284.58
2024-05-02,Earrings,South,Regular,6,4243.8,0.0,25462.8
2024-11-16,Bracelets,West,Regular,1,3396.06,0.08,3124.38
2024-05-02,Bracelets,West,Occasional,8,7181.02,0.01,56873.68
2024-07-06,Bracelets,North,Occasional,9,3927.57,0.27,25804.13
2024-12-17,Rings,West,Regular,3,1728.75,0.18,4252.73
2024-12-09,Necklaces,South,Regular,6,9490.88,0.25,42708.96
2024-10-29,Earrings,East,Regular,10,4122.17,0.16,34626.23
2024-10-05,Necklaces,West,Occasional,5,8795.75,0.18,36062.58
2024-09-26,Rings,South,Occasional,1,3471.3,0.09,3158.88
2024-03-19,Earrings,North,Occasional,2,7673.15,0.27,11202.8
2024-06-11,Earrings,South,Regular,1,2506.43,0.11,2230.72
2024-06-05,Necklaces,South,Occasional,1,5788.62,0.12,5093.99
2024-05-18,Necklaces,South,Occasional,7,7193.83,0.24,38271.18
2024-01-11,Necklaces,West,Occasional,10,5415.17,0.22,42238.33
2024-06-21,Rings,East,Regular,3,2926.46,0.2,7023.5
2024-07-02,Bracelets,East,Occasional,10,1578.36,0.25,11837.7
2024-04-30,Necklaces,East,Occasional,7,7951.04,0.15,47308.69
2024-04-06,Earrings,North,Occasional,6,8939.12,0.17,44516.82
2024-07-13,Rings,East,Regular,7,4179.63,0.17,24283.65
2024-05-09,Rings,North,Occasional,7,4175.13,0.0,29225.91
2024-04-28,Earrings,South,Occasional,10,9985.8,0.02,97860.84
2024-11-12,Necklaces,South,Occasional,6,884.9,0.3,3716.58
2024-11-24,Bracelets,North,Occasional,2,9218.42,0.22,14380.74
2024-10-19,Bracelets,North,Occasional,1,682.32,0.14,586.8
2024-03-12,Bracelets,West,Occasional,7,6948.13,0.02,47664.17
2024-01-02,Rings,North,Occasional,9,7184.9,0.25,48498.08
2024-06-19,Necklaces,East,Regular,1,1920.08,0.29,1363.26
2024-08-24,Earrings,South,Occasional,9,9927.1,0.3,62540.73
2024-07-08,Necklaces,North,Regular,6,6879.95,0.12,36326.14
2024-08-03,Bracelets,South,Regular,4,1598.58,0.17,5307.29
2024-01-13,Bracelets,North,Regular,4,9824.44,0.1,35367.98
2024-02-10,Bracelets,West,Regular,9,5263.9,0.29,33636.32
2024-05-19,Earrings,North,Regular,10,8898.5,0.24,67628.6
2024-03-17,Necklaces,West,Regular,5,9414.67,0.08,43307.48
2024-10-02,Rings,North,Occasional,1,7465.16,0.1,6718.64
2024-08-21,Earrings,North,Occasional,2,4715.89,0.27,6885.2
2024-09-12,Bracelets,East,Regular,2,3876.58,0.28,5582.28
2024-09-24,Rings,West,Regular,9,3891.15,0.08,32218.72
2024-01-09,Earrings,West,Regular,3,1993.04,0.07,5560.58
2024-05-15,Earrings,East,Regular,2,5256.97,0.02,10303.66
2024-02-10,Earrings,North,Occasional,10,985.15,0.24,7487.14
2024-08-12,Necklaces,North,Occasional,3,6838.08,0.1,18462.82
2024-04-01,Earrings,West,Occasional,6,4850.46,0.19,23573.24
2024-09-16,Rings,South,Regular,10,5569.18,0.07,51793.37
2024-02-03,Bracelets,South,Regular,5,4876.79,0.27,17800.28
2024-07-05,Earrings,North,Regular,3,5453.67,0.28,11779.93
2024-11-23,Necklaces,North,Regular,1,2099.13,0.08,1931.2
2024-08-11,Rings,North,Occasional,4,6834.34,0.29,19409.53
2024-04-14,Bracelets,South,Occasional,9,4001.41,0.08,33131.67
2024-10-19,Bracelets,West,Regular,7,2523.65,0.11,15722.34
2024-06-20,Rings,East,Occasional,5,6575.61,0.11,29261.46
2024-07-25,Earrings,South,Regular,2,5634.94,0.17,9354.0
2024-01-19,Bracelets,South,Regular,8,4852.9,0.03,37658.5
2024-06-04,Bracelets,South,Regular,3,6729.56,0.24,15343.4
2024-06-03,Earrings,East,Occasional,5,1149.31,0.22,4482.31
2024-05-31,Rings,East,Regular,1,6455.57,0.18,5293.57
2024-07-25,Rings,West,Regular,10,3441.36,0.14,29595.7
2024-08-22,Bracelets,South,Occasional,3,9002.31,0.19,21875.61
2024-07-15,Earrings,North,Regular,1,4154.04,0.01,4112.5
2024-04-24,Rings,West,Regular,6,2319.83,0.2,11135.18
2024-10-05,Necklaces,East,Regular,4,5486.0,0.02,21505.12
2024-08-28,Earrings,East,Occasional,9,3559.48,0.02,31394.61
2024-06-21,Rings,North,Regular,8,7722.47,0.01,61161.96
2024-01-15,Earrings,West,Regular,4,1630.87,0.2,5218.78
2024-12-29,Earrings,West,Occasional,8,5129.85,0.06,38576.47
2024-12-26,Rings,West,Regular,10,3606.68,0.2,28853.44
2024-09-30,Bracelets,East,Regular,1,9505.36,0.0,9505.36
2024-08-20,Bracelets,North,Regular,5,6061.76,0.16,25459.39
2024-09-21,Rings,North,Occasional,1,656.84,0.03,637.13
2024-12-07,Rings,South,Occasional,2,5400.72,0.05,10261.37
2024-05-04,Earrings,South,Regular,1,5182.06,0.26,3834.72
2024-01-19,Rings,South,Regular,3,2626.91,0.3,5516.51
2024-09-06,Rings,South,Regular,10,4763.29,0.06,44774.93
2024-08-30,Bracelets,West,Regular,9,7212.41,0.26,48034.65
2024-07-30,Rings,East,Regular,6,331.15,0.11,1768.34
2024-10-18,Necklaces,West,Regular,10,5099.58,0.23,39266.77
2024-05-24,Earrings,West,Regular,8,3897.91,0.17,25882.12
2024-05-10,Rings,North,Regular,10,6234.69,0.01,61723.43
2024-01-25,Necklaces,West,Occasional,3,5130.62,0.06,14468.35
2024-10-27,Necklaces,West,Regular,7,1865.96,0.1,11755.55
2024-09-08,Necklaces,South,Occasional,6,8724.17,0.13,45540.17
2024-12-06,Necklaces,South,Regular,4,9843.81,0.3,27562.67
2024-10-13,Bracelets,West,Regular,4,8890.2,0.11,31649.11
2024-07-21,Bracelets,East,Occasional,3,1991.44,0.18,4898.94
2024-01-14,Bracelets,West,Occasional,8,4385.75,0.28,25261.92
2024-03-05,Rings,West,Regular,9,3939.43,0.2,28363.9
2024-12-09,Necklaces,North,Regular,2,9331.8,0.03,18103.69
2024-11-09,Earrings,East,Occasional,5,8911.7,0.3,31190.95
2024-05-13,Bracelets,East,Occasional,3,6225.9,0.27,13634.72
2024-04-25,Rings,South,Occasional,8,5591.19,0.01,44282.22
2024-05-14,Bracelets,North,Occasional,1,8578.36,0.01,8492.58
2024-06-08,Earrings,South,Occasional,6,6918.12,0.21,32791.89
2024-02-08,Bracelets,West,Regular,10,5452.72,0.06,51255.57
2024-11-18,Earrings,West,Occasional,1,3851.11,0.12,3388.98
2024-03-30,Rings,West,Regular,5,6486.84,0.1,29190.78
2024-10-06,Bracelets,North,Occasional,8,1393.15,0.18,9139.06
2024-10-23,Earrings,South,Occasional,9,9422.8,0.28,61059.74
2024-09-17,Rings,West,Occasional,7,5875.93,0.1,37018.36
2024-07-01,Rings,East,Occasional,3,3659.04,0.09,9989.18
2024-12-14,Bracelets,South,Occasional,9,4715.71,0.1,38197.25
2024-11-30,Bracelets,West,Regular,4,4420.32,0.25,13260.96
2024-01-08,Earrings,North,Regular,2,6891.27,0.25,10336.91
2024-07-01,Necklaces,West,Regular,2,9358.06,0.18,15347.22
2024-12-25,Necklaces,North,Occasional,4,2230.46,0.25,6691.38
2024-04-25,Rings,East,Occasional,3,2517.99,0.24,5741.02
2024-03-29,Rings,East,Occasional,3,4802.9,0.17,11959.22
2024-10-07,Necklaces,North,Occasional,8,2707.51,0.06,20360.48
2024-11-23,Bracelets,South,Regular,4,8794.54,0.26,26031.84
2024-06-27,Necklaces,North,Regular,6,7008.84,0.24,31960.31
2024-07-25,Necklaces,North,Regular,7,7966.01,0.09,50743.48
2024-12-19,Earrings,East,Regular,8,1209.51,0.21,7644.1
2024-09-16,Earrings,East,Regular,2,1786.98,0.27,2608.99
2024-11-23,Earrings,West,Regular,3,4612.23,0.13,12037.92
2024-08-28,Necklaces,West,Occasional,4,6928.58,0.26,20508.6
2024-09-27,Necklaces,North,Regular,3,7212.61,0.28,15579.24
2024-08-09,Bracelets,West,Occasional,2,8903.21,0.15,15135.46
2024-11-03,Rings,East,Occasional,5,2121.9,0.0,10609.5
2024-04-16,Bracelets,North,Regular,4,7783.11,0.03,30198.47
2024-09-21,Bracelets,West,Occasional,3,3451.32,0.16,8697.33
2024-10-17,Rings,West,Occasional,6,5973.68,0.09,32616.29
2024-06-26,Necklaces,East,Occasional,1,9376.98,0.14,8064.2
2024-08-02,Bracelets,North,Regular,2,9464.17,0.18,15521.24
2024-08-03,Bracelets,West,Regular,7,2237.11,0.12,13780.6
2024-01-27,Bracelets,South,Regular,2,4114.53,0.08,7570.74
2024-01-06,Necklaces,South,Regular,6,8831.89,0.15,45042.64
2024-02-22,Necklaces,East,Regular,1,5309.11,0.29,3769.47
2024-06-02,Rings,South,Occasional,8,9322.39,0.05,70850.16
2024-02-01,Earrings,West,Regular,8,8780.9,0.13,61115.06
2024-03-20,Bracelets,North,Occasional,6,9561.87,0.13,49912.96
2024-03-14,Earrings,South,Occasional,10,7190.66,0.1,64715.94
2024-08-20,Bracelets,South,Regular,6,3143.26,0.0,18859.56
2024-02-16,Bracelets,West,Regular,4,4088.24,0.29,11610.6
2024-08-20,Rings,West,Occasional,7,8129.62,0.29,40404.21
2024-07-21,Earrings,North,Occasional,10,6910.14,0.05,65646.33
2024-08-07,Rings,South,Occasional,6,9714.53,0.25,43715.39
2024-12-15,Earrings,South,Occasional,2,3685.7,0.12,6486.83
2024-09-15,Necklaces,North,Regular,6,2618.75,0.06,14769.75
2024-10-28,Bracelets,North,Occasional,2,5984.73,0.26,8857.4
2024-10-20,Bracelets,East,Occasional,4,835.64,0.28,2406.64
2024-05-09,Necklaces,North,Occasional,3,4405.77,0.05,12556.44
2024-06-14,Bracelets,East,Regular,2,5602.23,0.17,9299.7
2024-03-13,Rings,North,Regular,5,5240.1,0.08,24104.46
2024-10-18,Earrings,East,Occasional,2,4379.67,0.05,8321.37
2024-01-28,Earrings,North,Occasional,7,5091.17,0.09,32430.75
2024-05-02,Rings,West,Occasional,2,7084.19,0.15,12043.12
2024-08-18,Earrings,North,Regular,6,6378.07,0.28,27553.26
2024-02-17,Necklaces,South,Regular,7,4058.35,0.09,25851.69
2024-04-18,Earrings,East,Occasional,6,7679.11,0.19,37320.47
2024-04-22,Rings,West,Regular,7,199.26,0.14,1199.55
2024-09-11,Rings,North,Regular,6,4796.17,0.03,27913.71
2024-08-14,Earrings,West,Regular,4,5451.32,0.02,21369.17
2024-11-22,Bracelets,North,Occasional,7,5182.93,0.26,26847.58
2024-02-04,Rings,West,Regular,5,8049.79,0.12,35419.08
2024-02-23,Rings,East,Regular,7,2453.13,0.07,15969.88
2024-02-25,Rings,South,Regular,3,1607.92,0.12,4244.91
2024-01-17,Necklaces,South,Occasional,7,1034.49,0.17,6010.39
2024-03-13,Rings,East,Regular,3,9396.62,0.19,22833.79
2024-12-24,Rings,East,Occasional,1,5763.04,0.08,5302.0
2024-05-04,Earrings,West,Regular,3,6156.12,0.13,16067.47
2024-07-11,Necklaces,North,Occasional,4,9332.85,0.21,29491.81
2024-10-31,Rings,East,Occasional,10,7187.44,0.1,64686.96
2024-08-28,Bracelets,South,Occasional,9,6176.37,0.17,46137.48
2024-12-25,Rings,West,Regular,5,808.72,0.02,3962.73
2024-08-30,Necklaces,North,Regular,3,9536.09,0.08,26319.61
2024-09-03,Bracelets,South,Regular,7,9649.22,0.15,57412.86
2024-05-27,Earrings,East,Regular,9,9148.56,0.06,77396.82
2024-11-28,Earrings,East,Occasional,4,6262.52,0.25,18787.56
2024-05-16,Bracelets,West,Regular,4,7234.96,0.24,21994.28
2024-02-10,Rings,East,Occasional,7,2914.4,0.21,16116.63
2024-09-22,Bracelets,North,Regular,6,7118.35,0.02,41855.9
2024-10-10,Rings,East,Occasional,1,9340.27,0.12,8219.44
2024-05-05,Necklaces,South,Regular,5,8011.99,0.23,30846.16
2024-07-09,Rings,East,Regular,6,9242.02,0.29,39371.01
2024-06-21,Rings,North,Occasional,3,6491.15,0.15,16552.43
2024-12-17,Earrings,East,Occasional,2,7007.34,0.27,10230.72
2024-09-02,Bracelets,East,Regular,2,9786.14,0.23,15070.66
2024-01-28,Bracelets,West,Occasional,10,9183.65,0.15,78061.02
2024-12-12,Necklaces,South,Regular,2,5701.98,0.13,9921.45
2024-04-14,Necklaces,West,Regular,4,3696.0,0.07,13749.12
2024-06-08,Rings,South,Occasional,10,7559.77,0.03,73329.77
2024-11-03,Necklaces,West,Occasional,1,2785.57,0.3,1949.9
2024-04-18,Earrings,East,Occasional,8,8862.27,0.12,62390.38
2024-10-15,Bracelets,East,Occasional,7,7270.09,0.26,37659.07
2024-06-11,Necklaces,East,Occasional,5,9284.34,0.22,36208.93
2024-03-06,Bracelets,East,Occasional,7,9502.88,0.21,52550.93
2024-09-18,Rings,North,Regular,5,2549.3,0.06,11981.71
2024-06-06,Necklaces,North,Regular,8,6538.65,0.13,45509.0
2024-04-10,Bracelets,East,Occasional,7,6582.72,0.27,33637.7
2024-04-19,Earrings,South,Regular,3,2149.31,0.08,5932.1
2024-09-28,Bracelets,West,Occasional,8,3916.42,0.14,26944.97
2024-01-30,Earrings,West,Occasional,5,4351.17,0.21,17187.12
2024-04-12,Necklaces,North,Regular,9,218.82,0.21,1555.81
2024-01-12,Necklaces,West,Occasional,6,9272.42,0.2,44507.62
2024-10-29,Earrings,North,Occasional,10,921.35,0.08,8476.42
2024-10-12,Necklaces,East,Regular,8,9708.65,0.28,55921.82
2024-01-08,Bracelets,South,Regular,2,5449.2,0.23,8391.77
2024-12-08,Necklaces,East,Occasional,9,6804.68,0.09,55730.33
2024-07-29,Earrings,East,Regular,7,6322.63,0.27,32308.64
2024-01-01,Earrings,West,Regular,10,8861.88,0.02,86846.42
2024-08-25,Earrings,West,Occasional,6,405.96,0.08,2240.9
2024-12-18,Earrings,North,Regular,3,8971.57,0.03,26107.27
2024-08-18,Bracelets,South,Regular,1,1991.46,0.26,1473.68
2024-06-25,Earrings,North,Regular,10,1831.81,0.0,18318.1
2024-08-19,Earrings,East,Occasional,6,3902.11,0.13,20369.01
2024-05-08,Necklaces,South,Regular,10,5680.84,0.02,55672.23
2024-11-17,Bracelets,South,Occasional,2,7233.5,0.17,12007.61
2024-05-17,Earrings,North,Regular,7,9350.11,0.11,58251.19
2024-07-31,Rings,West,Regular,9,9824.01,0.18,72501.19
2024-04-24,Bracelets,South,Occasional,1,1834.17,0.03,1779.14
2024-07-28,Bracelets,West,Occasional,9,5271.1,0.26,35105.53
2024-11-15,Bracelets,North,Regular,1,3510.13,0.04,3369.72
2024-01-10,Necklaces,East,Occasional,2,7330.02,0.29,10408.63
2024-01-21,Necklaces,South,Regular,10,8820.33,0.18,72326.71
2024-06-11,Rings,West,Regular,1,4827.11,0.27,3523.79
2024-12-05,Bracelets,West,Occasional,3,7977.95,0.2,19147.08
2024-03-14,Earrings,North,Occasional,6,859.34,0.13,4485.75
2024-12-19,Bracelets,West,Occasional,10,4439.52,0.09,40399.63
2024-11-12,Rings,North,Occasional,1,4606.47,0.12,4053.69
2024-07-16,Earrings,East,Regular,10,4452.79,0.28,32060.09
2024-08-13,Earrings,North,Occasional,9,6005.18,0.28,38913.57
2024-10-05,Earrings,West,Regular,3,4256.68,0.01,12642.34
2024-09-28,Rings,East,Occasional,3,994.03,0.2,2385.67
2024-01-06,Bracelets,East,Regular,9,6143.86,0.28,39812.21
2024-03-23,Bracelets,South,Occasional,4,2656.24,0.13,9243.72
2024-03-31,Necklaces,South,Occasional,3,5041.34,0.12,13309.14
2024-12-10,Necklaces,South,Regular,8,8100.13,0.12,57024.92
2024-09-11,Earrings,West,Regular,6,7708.04,0.24,35148.66
2024-12-14,Earrings,North,Regular,7,3484.58,0.28,17562.28
2024-07-16,Necklaces,North,Regular,1,4856.13,0.26,3593.54
2024-11-14,Earrings,North,Regular,6,5580.83,0.29,23774.34
2024-08-14,Rings,North,Regular,4,789.7,0.21,2495.45
2024-04-16,Earrings,North,Occasional,8,4624.31,0.23,28485.75
2024-12-24,Rings,South,Occasional,2,1338.66,0.01,2650.55
2024-10-23,Rings,South,Regular,2,4139.95,0.1,7451.91
2024-08-21,Earrings,North,Occasional,1,8290.99,0.24,6301.15
2024-09-08,Bracelets,North,Occasional,8,6014.06,0.3,33678.74
2024-02-19,Rings,East,Regular,4,5641.5,0.24,17150.16
2024-03-17,Necklaces,South,Regular,2,8052.25,0.26,11917.33
2024-02-29,Necklaces,South,Regular,6,2199.61,0.16,11086.03
2024-08-10,Rings,East,Occasional,3,1020.27,0.21,2418.04
2024-11-16,Earrings,North,Regular,1,4094.4,0.14,3521.18
2024-08-06,Necklaces,North,Occasional,5,2045.75,0.13,8899.01
2024-07-02,Rings,South,Occasional,1,2965.43,0.07,2757.85
2024-05-08,Bracelets,North,Occasional,9,4676.35,0.08,38720.18
2024-01-28,Necklaces,South,Occasional,1,3010.1,0.18,2468.28
2024-08-10,Necklaces,East,Occasional,2,3449.34,0.11,6139.83
2024-07-30,Earrings,North,Regular,9,7882.91,0.08,65270.49
2024-01-10,Necklaces,West,Occasional,7,7379.4,0.13,44940.55
2024-08-07,Bracelets,South,Occasional,7,9994.15,0.24,53168.88
2024-11-30,Earrings,North,Regular,7,5720.19,0.23,30831.82
2024-05-28,Necklaces,West,Regular,3,2102.09,0.15,5360.33
2024-06-01,Bracelets,North,Regular,5,9084.1,0.13,39515.84
2024-01-03,Earrings,East,Occasional,2,2669.54,0.1,4805.17
2024-03-28,Earrings,North,Occasional,4,9887.96,0.23,30454.92
2024-12-31,Rings,South,Occasional,9,2361.82,0.24,16154.85
2024-10-01,Rings,South,Occasional,2,9282.16,0.17,15408.39
2024-01-22,Earrings,South,Occasional,3,5255.84,0.08,14506.12
2024-07-06,Rings,East,Occasional,2,9614.18,0.24,14613.55
2024-04-05,Rings,West,Occasional,10,1523.02,0.21,12031.86
2024-03-03,Rings,South,Occasional,9,3104.28,0.25,20953.89
2024-11-02,Bracelets,North,Occasional,5,4036.23,0.02,19777.53
2024-10-13,Bracelets,West,Regular,4,2622.29,0.18,8601.11
2024-09-10,Earrings,East,Occasional,7,1204.72,0.06,7927.06
2024-01-01,Rings,North,Regular,8,6133.51,0.05,46614.68
2024-06-12,Bracelets,West,Regular,5,1197.07,0.26,4429.16
2024-06-13,Necklaces,East,Regular,10,718.01,0.02,7036.5
2024-05-02,Earrings,West,Regular,9,1624.56,0.14,12574.09
2024-05-25,Earrings,West,Occasional,9,8888.73,0.09,72798.7
